organisation,type,city,state,sector_focus,relevant_opportunities,website,source
Federation of Indian Micro and Small & Medium Enterprises (FISME),National MSME association,New Delhi,Delhi,All,O1;O7;O15,fisme.org.in,Public organisation; verify before outreach
India SME Forum,National MSME association,Mumbai,Maharashtra,All,O3;O7;O15,indiasmeforum.org,Public organisation; verify before outreach
Laghu Udyog Bharati,National MSME association,New Delhi,Delhi,All (strong in North/West),O1;O7;O12,,Public organisation; verify before outreach
Chamber of Indian Micro Small & Medium Enterprises (CIMSME),National MSME association,Mumbai,Maharashtra,All,O1;O7,,Public organisation; verify before outreach
Confederation of Indian Industry (CII) - MSME councils,Chamber,New Delhi,Delhi,All,O5;O6;O10,cii.in,Public organisation; verify before outreach
FICCI - CMSME,Chamber,New Delhi,Delhi,All,O6;O9,ficci.in,Public organisation; verify before outreach
ASSOCHAM - MSME council,Chamber,New Delhi,Delhi,All,O6;O9,assocham.org,Public organisation; verify before outreach
PHD Chamber of Commerce and Industry,Chamber,New Delhi,Delhi,North India,O1;O9,,Public organisation; verify before outreach
All India Manufacturers' Organisation (AIMO),Manufacturers association,Mumbai,Maharashtra,Manufacturing,O1;O10,,Public organisation; verify before outreach
Confederation of All India Traders (CAIT),Traders association,New Delhi,Delhi,Trading,O15;O13,,Public organisation; verify before outreach
NASSCOM (SME council),Industry association,Noida,Uttar Pradesh,IT/ITES,O2;O3,nasscom.in,Public organisation; verify before outreach
Indian Industries Association (IIA),State MSME association,Lucknow,Uttar Pradesh,All,O1;O7;O12,,Public organisation; verify before outreach
"SIDBI (incl. Udyam Assist, MSME Pulse)",Development bank,Lucknow/Mumbai,Uttar Pradesh,All,O1;O5;O15,sidbi.in,Public organisation; verify before outreach
NSIC (National Small Industries Corporation),Public sector,New Delhi,Delhi,All,O8;O15,nsic.co.in,Public organisation; verify before outreach
"MSME Development & Facilitation Offices (MSME-DFOs, 30+)",Government,Pan-India,Pan-India,All,O7;O8;O9,dcmsme.gov.in,Public organisation; verify before outreach
District Industries Centres (DICs),Government,Pan-India,Pan-India,All,O7;O9,,Public organisation; verify before outreach
Bureau of Energy Efficiency (BEE) SME programme,Government,New Delhi,Delhi,Energy-intensive clusters,O5;O6,beeindia.gov.in,Public organisation; verify before outreach
"TReDS platforms (RXIL, M1xchange, Invoicemart, C2treds, DTX)",Regulated platforms,Mumbai,Maharashtra,B2B sellers,O1,,Public organisation; verify before outreach
Institute of Chartered Accountants of India (ICAI) - regional councils & branches,Professional body,New Delhi,Delhi,CA firms,O2;O1;O15,icai.org,Public organisation; verify before outreach
Federation of Indian Export Organisations (FIEO),Export apex body,New Delhi,Delhi,All exports,O6;O9,fieo.org,Public organisation; verify before outreach
EEPC India (Engineering Export Promotion Council),Export promotion council,Kolkata,West Bengal,"Engineering, steel products",O6;O9,eepcindia.org,Public organisation; verify before outreach
Apparel Export Promotion Council (AEPC),Export promotion council,Gurugram,Haryana,Apparel,O9;O12,aepcindia.com,Public organisation; verify before outreach
Cotton Textiles Export Promotion Council (TEXPROCIL),Export promotion council,Mumbai,Maharashtra,Cotton textiles,O9;O4,texprocil.org,Public organisation; verify before outreach
Synthetic & Rayon Textiles EPC (SRTEPC),Export promotion council,Mumbai,Maharashtra,MMF textiles,O9;O4,,Public organisation; verify before outreach
CHEMEXCIL,Export promotion council,Mumbai,Maharashtra,"Chemicals, dyes",O6;O9,chemexcil.in,Public organisation; verify before outreach
PHARMEXCIL,Export promotion council,Hyderabad,Telangana,Pharma,O9,pharmexcil.com,Public organisation; verify before outreach
Gem & Jewellery EPC (GJEPC),Export promotion council,Mumbai,Maharashtra,Gems & jewellery,O9,gjepc.org,Public organisation; verify before outreach
Council for Leather Exports (CLE),Export promotion council,Chennai,Tamil Nadu,Leather & footwear,O9;O6,,Public organisation; verify before outreach
Export Promotion Council for Handicrafts (EPCH),Export promotion council,New Delhi,Delhi,Handicrafts,O9,epch.in,Public organisation; verify before outreach
Carpet Export Promotion Council (CEPC),Export promotion council,New Delhi,Delhi,Carpets,O9,,Public organisation; verify before outreach
PLEXCONCIL,Export promotion council,Mumbai,Maharashtra,Plastics,O9;O4,,Public organisation; verify before outreach
CAPEXIL,Export promotion council,Kolkata,West Bengal,"Chemicals & allied (minerals, ceramics, etc.)",O9;O6,,Public organisation; verify before outreach
Cashew Export Promotion Council of India (CEPCI),Export promotion council,Kollam,Kerala,Cashew,O9,,Public organisation; verify before outreach
Handloom EPC (HEPC),Export promotion council,Chennai,Tamil Nadu,Handloom,O9,,Public organisation; verify before outreach
Electronics & Computer Software EPC (ESC),Export promotion council,New Delhi,Delhi,"Electronics, software",O9,,Public organisation; verify before outreach
Services Export Promotion Council (SEPC),Export promotion council,New Delhi,Delhi,Services,O9,,Public organisation; verify before outreach
APEDA,Statutory export body,New Delhi,Delhi,Agri & processed food,O9;O6,apeda.gov.in,Public organisation; verify before outreach
MPEDA,Statutory export body,Kochi,Kerala,Marine products,O9,mpeda.gov.in,Public organisation; verify before outreach
Automotive Component Manufacturers Association (ACMA),Sector association,New Delhi,Delhi,Auto components,O10;O11;O1,acma.in,Public organisation; verify before outreach
IEEMA,Sector association,Mumbai,Maharashtra,Electrical equipment,O10;O1,ieema.org,Public organisation; verify before outreach
Indian Machine Tool Manufacturers' Association (IMTMA),Sector association,Bengaluru,Karnataka,Machine tools,O10,imtma.in,Public organisation; verify before outreach
All India Plastics Manufacturers' Association (AIPMA),Sector association,Mumbai,Maharashtra,Plastics,O4;O5;O10,,Public organisation; verify before outreach
Institute of Indian Foundrymen (IIF),Sector association,Kolkata,West Bengal,Foundry,O5;O6;O10,,Public organisation; verify before outreach
Association of Indian Forging Industry (AIFI),Sector association,Pune,Maharashtra,Forging,O5;O6;O10,,Public organisation; verify before outreach
All India Induction Furnaces Association (AIIFA),Sector association,New Delhi,Delhi,Steel melting/re-rolling,O6;O5,,Public organisation; verify before outreach
Material Recycling Association of India (MRAI),Sector association,Mumbai,Maharashtra,Metal recycling,O6,,Public organisation; verify before outreach
Clothing Manufacturers Association of India (CMAI),Sector association,Mumbai,Maharashtra,Apparel,O3;O4;O12,,Public organisation; verify before outreach
Indian Drug Manufacturers' Association (IDMA),Sector association,Mumbai,Maharashtra,Pharma,O8;O9,,Public organisation; verify before outreach
Federation of Pharma Entrepreneurs (FOPE),Sector association,Mumbai,Maharashtra,Pharma MSMEs,O8,,Public organisation; verify before outreach
ELCINA Electronic Industries Association of India,Sector association,New Delhi,Delhi,Electronics,O10;O1,,Public organisation; verify before outreach
All India Food Processors' Association (AIFPA),Sector association,New Delhi,Delhi,Food processing,O7;O9,,Public organisation; verify before outreach
All India Rice Exporters Association,Sector association,New Delhi,Delhi,Rice exports,O9,,Public organisation; verify before outreach
Seafood Exporters Association of India,Sector association,Kochi,Kerala,Seafood,O9;O6,,Public organisation; verify before outreach
All India Spices Exporters Forum,Sector association,Kochi,Kerala,Spices,O9,,Public organisation; verify before outreach
Tiruppur Exporters' Association (TEA),Cluster association,Tiruppur,Tamil Nadu,Knitwear exports,O1;O4;O5;O6,,Public organisation; verify before outreach
Southern India Mills' Association (SIMA),Regional association,Coimbatore,Tamil Nadu,Textiles,O4;O5,,Public organisation; verify before outreach
Coimbatore District Small Industries Association (CODISSIA),Cluster association,Coimbatore,Tamil Nadu,Engineering,O1;O3;O10,,Public organisation; verify before outreach
Ambattur Industrial Estate Manufacturers' Association (AIEMA),Industrial estate association,Chennai,Tamil Nadu,Engineering/auto,O1;O10;O11,,Public organisation; verify before outreach
Tamil Nadu Small and Tiny Industries Association (TANSTIA),State MSME association,Chennai,Tamil Nadu,All,O1;O7,,Public organisation; verify before outreach
Karnataka Small Scale Industries Association (KASSIA),State MSME association,Bengaluru,Karnataka,All,O1;O7;O10,,Public organisation; verify before outreach
Peenya Industries Association,Industrial estate association,Bengaluru,Karnataka,Engineering,O1;O10,,Public organisation; verify before outreach
FKCCI,State chamber,Bengaluru,Karnataka,All,O1;O9,,Public organisation; verify before outreach
"Mahratta Chamber of Commerce, Industries & Agriculture (MCCIA)",Regional chamber,Pune,Maharashtra,All (auto/engineering),O1;O6;O10,,Public organisation; verify before outreach
Thane Small Scale Industries Association (TSSIA),Industrial estate association,Thane,Maharashtra,Mixed manufacturing,O1;O12,,Public organisation; verify before outreach
Marathwada Association of Small Scale Industries & Agriculture (MASSIA),Regional MSME association,Chhatrapati Sambhajinagar,Maharashtra,Auto/engineering,O1;O10,,Public organisation; verify before outreach
Nashik Industries & Manufacturers' Association (NIMA),Regional association,Nashik,Maharashtra,Engineering,O1;O10,,Public organisation; verify before outreach
Gujarat Chamber of Commerce & Industry (GCCI),State chamber,Ahmedabad,Gujarat,All,O1;O6;O9,,Public organisation; verify before outreach
Southern Gujarat Chamber of Commerce & Industry (SGCCI),Regional chamber,Surat,Gujarat,"Textiles, diamonds",O1;O4;O5,,Public organisation; verify before outreach
Federation of Gujarat Industries (FGI),Regional association,Vadodara,Gujarat,"Engineering, chemicals",O1;O6,,Public organisation; verify before outreach
Rajkot Engineering Association,Cluster association,Rajkot,Gujarat,Engineering,O1;O3;O5;O6;O10,,Public organisation; verify before outreach
Morbi Ceramic Association,Cluster association,Morbi,Gujarat,Ceramics,O1;O5;O6,,Public organisation; verify before outreach
Vapi Industries Association,Industrial estate association,Vapi,Gujarat,Chemicals,O6,,Public organisation; verify before outreach
Ankleshwar Industries Association,Industrial estate association,Ankleshwar,Gujarat,Chemicals,O6,,Public organisation; verify before outreach
Gujarat Dyestuff Manufacturers Association (GDMA),Sector association,Ahmedabad,Gujarat,Dyes,O6;O9,,Public organisation; verify before outreach
Rajasthan Chamber of Commerce & Industry,State chamber,Jaipur,Rajasthan,All,O9;O7,,Public organisation; verify before outreach
Jodhpur Handicrafts Exporters Association,Cluster association,Jodhpur,Rajasthan,Handicrafts/furniture,O9,,Public organisation; verify before outreach
Mewar Chamber of Commerce & Industry,Regional chamber,Bhilwara,Rajasthan,Textiles,O4;O5,,Public organisation; verify before outreach
Chamber of Industrial & Commercial Undertakings (CICU),Regional association,Ludhiana,Punjab,"Engineering, hosiery",O1;O5;O6;O10,,Public organisation; verify before outreach
United Cycle & Parts Manufacturers Association (UCPMA),Cluster association,Ludhiana,Punjab,Bicycles & parts,O1;O10,,Public organisation; verify before outreach
Sports Goods Manufacturers & Exporters Association,Cluster association,Jalandhar,Punjab,Sports goods,O9,,Public organisation; verify before outreach
Faridabad Small Industries Association (FSIA),Industrial estate association,Faridabad,Haryana,Engineering/auto,O1;O10;O11,,Public organisation; verify before outreach
Panipat Exporters Association,Cluster association,Panipat,Haryana,Home textiles,O1;O9,,Public organisation; verify before outreach
Moradabad Handicrafts Exporters Association (MHEA),Cluster association,Moradabad,Uttar Pradesh,Metal handicrafts,O9;O6,,Public organisation; verify before outreach
Agra Footwear Manufacturers & Exporters Chamber (AFMEC),Cluster association,Agra,Uttar Pradesh,Footwear,O9,,Public organisation; verify before outreach
All India Carpet Manufacturers Association (AICMA),Cluster association,Bhadohi,Uttar Pradesh,Carpets,O9,,Public organisation; verify before outreach
Federation of Small & Medium Industries (FOSMI),State MSME association,Kolkata,West Bengal,All,O1;O7;O15,,Public organisation; verify before outreach
Federation of Telangana Chambers of Commerce & Industry (FTCCI),State chamber,Hyderabad,Telangana,All,O1;O6,,Public organisation; verify before outreach
Bulk Drug Manufacturers Association (BDMA),Sector association,Hyderabad,Telangana,Bulk drugs,O6;O8,,Public organisation; verify before outreach
Kerala State Small Industries Association (KSSIA),State MSME association,Kochi,Kerala,All,O1;O7,,Public organisation; verify before outreach
Association of Industries Madhya Pradesh (AIMP),State association,Indore,Madhya Pradesh,All,O1;O10,,Public organisation; verify before outreach
Pithampur Audyogik Sangathan,Industrial estate association,Pithampur,Madhya Pradesh,Auto/pharma,O1;O10,,Public organisation; verify before outreach
Adityapur Small Industries Association (ASIA),Industrial estate association,Jamshedpur,Jharkhand,Auto/steel ancillaries,O1;O10;O6,,Public organisation; verify before outreach
Urla Industries Association,Industrial estate association,Raipur,Chhattisgarh,Steel,O5;O6,,Public organisation; verify before outreach
Baddi Barotiwala Nalagarh Industries Association (BBNIA),Industrial estate association,Baddi,Himachal Pradesh,Pharma,O1;O8,,Public organisation; verify before outreach
Bihar Industries Association (BIA),State association,Patna,Bihar,All,O7;O15,,Public organisation; verify before outreach
