stage,metric,value,value_crore,ref_date,data_type,source_ids,notes
1 Registered,"Udyam registrations, URP + UAP (cumulative)",91600000,9.16,2026-07-31,observed,S06,"Cumulative registrations since Jul-2020 (URP) and Jan-2023 (UAP). No mandatory annual re-validation, so closures are not netted out. 8.84 crore on 30-Jun-2026 (S05)."
1 Registered,  of which Udyam Registration Portal (URP),47216077,4.722,2026-03-15,observed,S03,"Self-declared, PAN/GST-linked registrations. Micro 4,66,38,889; small 4,91,075; medium 37,045."
1 Registered,"  of which Udyam Assist Platform (UAP), informal micro",32071728,3.207,2026-03-15,observed,S03;S63,"Created by banks/NBFCs/MFIs acting as designated agencies, typically at loan origination. These units have no GST/ITR. Treat as nano/household enterprises."
2 Potentially active,Unincorporated non-agricultural establishments (ASUSE 2025),79200000,7.92,2025 (Jan-Dec),observed,S01,"Survey estimate of establishments operating in the reference period. Covers manufacturing, trade and other services and excludes construction, agriculture and incorporated companies. Own-account (no hired worker) 6.86 crore; hired-worker 1.06 crore."
2 Potentially active,Active companies + LLPs (MCA),2552715,0.255,2026-02,observed,S15,"All sizes. Most are small, but 'active' here means not struck off, not necessarily operating."
2 Potentially active,Factories in ASI frame (registered manufacturing),267000,0.027,FY2024-25,observed,S16,Overlaps with incorporated and unincorporated counts above.
2 Potentially active,"Estimated non-farm MSME universe, excluding construction",80000000,8.0,2025-26,estimate,S01;S15,"ASUSE 7.92 crore plus incorporated MSMEs, which are not in ASUSE; some MCA entities are dormant or large. Range 7.95-8.2 crore. Excludes construction and farm units."
3 Commercially active,Active GST taxpayers (normal + composition),16714646,1.671,2026-06-30,observed,S12,"Normal 1,48,70,332; composition 13,55,180; proprietorships 76.9%. GSTIN-level: one PAN can hold several GSTINs, and the count includes large firms."
3 Commercially active,Hired-worker establishments (ASUSE 2025),10600000,1.06,2025,observed,S01,Unincorporated establishments employing at least one hired worker.
3 Commercially active,Estimated GST-registered MSMEs filing regularly,13800000,1.38,2026,estimate,S12,1.67 crore GSTINs x (1 - 8% multi-GSTIN duplication) x (1 - 10% irregular filers) minus about 0.1% large firms. Range 1.2-1.45 crore. The duplication and non-filing rates are our assumptions; the GSTR-3B on-time filing rate was reported at ~90% in earlier GSTN data.
3 Commercially active,Estimated MSMEs with turnover >= Rs 5 crore (e-invoice generators),856000,0.086,2026-06,observed,S14,"GSTINs that generated e-invoices in Jun-2026; the e-invoice threshold is AATO > Rs 5 crore. Includes large companies (~16k GSTINs > Rs 500 cr). PAN-level count is lower, est. 6-7.5 lakh."
4 Digitally active,Establishments using internet for business (ASUSE 2025: 39.4%),31204800,3.12,2025,derived,S01,39.4% x 7.92 crore. Up from 26.7% in ASUSE 2023-24.
4 Digitally active,Estimated MSMEs using billing/accounting/GST software themselves,6500000,0.65,2026,estimate,S47;S12,"Range 0.5-0.8 crore, triangulated from vendor user claims (Tally, Vyapar 1m+, myBillBook 1m+ MAU, Busy, Marg, Zoho), with heavy overlap, and the 1.49 crore normal GST filers, many of whom file through a CA without using software themselves. Low confidence."
4 Digitally active,Estimated MSMEs with a website,2700000,0.27,2025-26,estimate,S55;S30,Range 20-35 lakh. See website_presence.csv for the two-method triangulation.
