rank,id,problem,category,customers,severity,frequency,financial_impact,wtp,existing_spend,competitive_white_space,acquisition_ease,tech_feasibility,scalability,gross_margin,regulatory_ease,retention,expansion,weighted_score,equal_weight_score,equal_weight_rank,evidence_confidence
1,P09,Finding new customers (lead generation),Sales,9,8,9,7,9,9,3,6,8,9,7,9,6,8,7.61,7.64,1,H
2,P05,"CA-firm productivity: client data collection, entry and reconciliation",Compliance,4,7,9,6,8,7,6,8,8,8,8,9,9,7,7.39,7.43,3,M
3,P10,"Converting and following up leads (slow response, no CRM)",Sales,8,7,10,6,7,6,6,7,8,9,7,8,8,8,7.33,7.5,2,M
4,P01,Delayed B2B payments and receivables collection,Finance,8,9,8,8,6,6,7,6,8,8,7,7,7,8,7.21,7.36,4,H
5,P30,EU CBAM and product carbon-footprint compliance,ESG/Exports,3,9,6,9,7,4,7,7,8,7,7,7,8,9,6.94,7.0,5,M
6,P02,Access to affordable working-capital credit,Finance,9,9,6,8,8,10,3,5,7,7,5,3,5,7,6.86,6.57,11,H
7,P22,High energy cost and inefficiency,Manufacturing,6,7,9,8,7,7,6,6,8,5,4,7,9,6,6.79,6.79,10,M
8,P15,"Procurement: supplier discovery, reliability and credit at purchase",Procurement,8,7,8,7,8,10,4,5,7,5,3,6,7,7,6.72,6.57,12,H
9,P04,Bookkeeping and GST return preparation (owner side),Compliance,9,6,8,4,7,9,2,4,8,8,7,8,9,6,6.65,6.79,6,H
10,P14,Raw-material price volatility,Procurement,8,8,8,8,6,6,6,5,7,7,6,8,6,6,6.64,6.79,7,M
11,P16,Logistics cost penalty for small shippers,Supply chain,8,6,8,8,7,9,4,5,7,6,3,7,6,6,6.48,6.43,17,H
12,P17,"Inventory management (stock-outs, dead stock)",Operations,8,5,9,5,5,6,3,5,9,9,8,10,8,5,6.4,6.79,8,M
13,P19,Production planning and job tracking in job shops,Manufacturing,5,6,10,6,5,4,7,5,7,7,7,10,9,7,6.39,6.79,9,L
14,P21,Quality rejections and OEM supplier-quality requirements,Manufacturing,4,7,8,6,6,5,6,6,7,6,7,9,8,6,6.32,6.5,15,L
15,P06,GST input-tax-credit mismatches and notices,Compliance,8,7,6,6,6,6,4,5,8,8,7,8,7,4,6.29,6.43,16,M
16,P41,Legal recovery of overdue dues (MSEFC/ODR),Finance,6,8,3,8,7,5,8,6,7,7,7,6,4,5,6.29,6.21,22,M
17,P42,Bank and UPI reconciliation,Finance,8,5,10,3,5,5,4,5,8,9,8,9,8,5,6.19,6.57,13,M
18,P29,Trade finance for exporters,Exports,5,7,6,7,8,7,4,5,6,7,5,3,6,7,6.17,5.93,29,M
19,P28,Cross-border payment cost and forex conversion,Exports,5,5,8,5,8,7,2,6,6,9,6,3,7,6,6.15,5.93,28,H
20,P37,"Loan documentation (CMA data, project reports) and credit readiness",Finance,7,6,3,4,7,5,6,7,8,8,8,8,4,6,6.12,6.21,21,M
21,P26,Finding international buyers (export discovery),Exports,5,6,6,7,6,6,5,5,7,7,6,8,5,9,6.11,6.29,19,M
22,P34,Winning public procurement (GeM/tenders),Sales,6,5,7,6,6,5,4,6,8,8,7,9,6,4,6.03,6.21,20,M
23,P03,No cash-flow visibility or forecasting,Finance,7,6,8,5,4,3,7,4,8,9,8,9,7,6,6.02,6.5,14,L
24,P20,Machine downtime and low OEE,Manufacturing,5,6,9,6,5,4,7,5,6,6,5,10,8,7,6.02,6.36,18,L
25,P08,"Licences, renewals, factory and environment consents",Compliance,6,7,4,5,6,6,6,5,7,6,6,7,8,5,5.95,6.0,26,M
26,P07,"Payroll, PF/ESI and new labour-code compliance",Compliance,6,6,6,4,6,6,4,5,8,7,6,7,8,5,5.89,6.0,25,M
27,P23,Hiring skilled workers,Workforce,8,7,5,5,5,6,4,5,8,7,6,9,4,6,5.82,6.07,24,M
28,P31,ESG/BRSR value-chain data requests from large buyers,ESG,4,5,4,4,5,4,5,7,8,8,7,8,7,8,5.76,6.0,27,L
29,P27,Export documentation and compliance,Exports,5,5,7,4,6,6,4,5,7,7,6,7,7,6,5.74,5.86,30,M
30,P25,Attendance and wage payments for micro payroll,Workforce,8,4,10,3,4,4,3,5,9,9,7,9,7,4,5.69,6.14,23,M
31,P33,Claiming state and central investment incentives,Schemes,4,6,2,8,8,5,5,5,6,5,7,8,4,4,5.58,5.5,37,L
32,P36,Insurance protection gap,Risk,9,6,2,5,4,6,5,5,7,8,6,3,6,6,5.55,5.57,35,L
33,P12,Digital marketing and social media content,Digital presence,8,4,7,3,4,5,2,5,9,8,6,9,5,5,5.32,5.71,32,M
34,P32,Discovering and applying for government schemes,Schemes,9,5,2,6,5,4,6,5,7,6,6,8,3,5,5.29,5.5,36,L
35,P38,Owner dashboards / MIS,Operations,7,4,6,3,3,3,5,4,8,9,8,10,6,6,5.28,5.86,31,L
36,P40,"Obtaining quality certifications (ISO, BIS, ZED)",Compliance,5,6,2,5,7,5,4,6,6,5,5,6,4,5,5.18,5.07,42,L
37,P39,Knowing how to adopt AI,Digital,8,4,5,4,4,3,5,4,8,7,6,9,5,7,5.17,5.64,33,L
38,P35,Cybersecurity and payment fraud,Risk,8,6,3,4,3,3,5,3,7,8,6,9,6,6,5.03,5.5,38,M
39,P18,Demand forecasting,Operations,6,4,6,4,3,2,6,3,7,8,8,10,6,5,5.0,5.57,34,L
40,P11,Creating and maintaining a website,Digital presence,8,3,2,2,4,5,2,5,10,8,6,10,4,4,4.82,5.21,39,M
41,P24,Training and upskilling workers,Workforce,7,5,4,4,3,3,6,4,7,6,5,9,4,5,4.73,5.14,41,L
42,P13,Product catalogues and photography for marketplaces,Digital presence,7,3,3,2,4,3,4,5,9,8,7,10,3,4,4.7,5.14,40,L
