id,opportunity,tam_bottom_up_cr,tam_bottom_up_inputs,tam_top_down_low_cr,tam_top_down_high_cr,tam_top_down_method,sam_cr,sam_basis,som_year5_low_cr,som_year5_high_cr,som_inputs,customers_basis
O1,AI receivables & collections copilot (AR-OS) for B2B MSMEs,5400,"900,000 customers x Rs 60,000/yr",3670,8100,"0.5-1.0% annual revenue capture on Rs 7.34-8.1 lakh cr overdue MSME receivables (S20, S19)",1800,e-invoicing manufacturers and wholesalers in top-100 MSME districts,36.0,72.0,"6,000-12,000 customers x Rs 60,000/yr",~7 lakh firms >= Rs 5 cr (e-invoice anchor) + ~half of 15-22 lakh firms at Rs 1.5-5 cr that sell B2B; haircut to 9 lakh B2B-heavy
O2,AI copilot for CA firms (WhatsApp intake -> Tally posting -> GST/TDS reconciliation),1200,"100,000 customers x Rs 120,000/yr",1000,1500,1.49 cr normal GST filers x ~70% served by professionals x Rs 100-150/client-month of automation value,480,Firms with >= 3 staff in top-100 cities,45.0,75.0,"3,000-5,000 customers x Rs 150,000/yr","98,967 ICAI-registered firms + 1.6 lakh COP holders (overlap) + non-CA tax practitioners (count unavailable)"
O3,"AI B2B sales agent on WhatsApp/voice (lead response, qualification, quotes, follow-up)",4800,"1,000,000 customers x Rs 48,000/yr",1050,2500,"30-50% of a Rs 3,500-5,000 cr MSME lead-spend pool (IndiaMART Rs 1,569 cr + Justdial Rs 1,214 cr + others)",1920,Active B2B lead buyers,48.0,96.0,"10,000-20,000 customers x Rs 48,000/yr","4-6 lakh MSMEs paying for leads (2.28 lakh IndiaMART payers; 6.3 lakh Justdial campaigns, partly B2C) + broader B2B sellers"
O4,"Vertical, cluster-focused procurement + embedded credit (one input category)",,n/a (top-down only),62000,124000,Take-rate revenue: Rs 124.9 lakh cr MSME procurement (S31) x 25% in metals/polymers/yarn/chemicals x 2-4% take,1200,"50,000 buyers in 5 clusters x Rs 60 lakh/yr category purchases (assumption) x 4% take",48.0,96.0,"2,000-4,000 customers x Rs 240,000/yr",Top-down only; GMV business
O5,Energy-as-a-service for MSME clusters (rooftop solar RESCO + monitoring + retrofits),14625,"130,000 customers x Rs 1,125,000/yr",10000,19000,"BEE-era estimate of Rs 19,000 cr/yr MSME savings potential, plus solar PPA revenue at ~Rs 75 lakh/MW-yr",1125,5 target clusters x 0.1 MW average,112.5,225.0,"1,500-3,000 customers x Rs 750,000/yr",Est. 1.1-1.6 lakh energy-relevant units (40-60% of 2.67 lakh ASI factories); 150 kW average solar potential (assumption)
O6,CBAM & product-carbon-footprint compliance for MSME exporters and suppliers,,n/a (top-down only),450,750,"Segment sum: 3,500 x Rs 6 lakh + 27,500 x Rs 0.9 lakh + 35,000 x Rs 37,500 = ~Rs 590 cr",360,60% of TAM in steel/aluminium/engineering clusters,15.4,28.8,"800-1,500 customers x Rs 192,000/yr",3-4k direct + 25-30k indirect CBAM-exposed MSMEs (S38) + est. 20-50k BRSR value-chain suppliers
O7,Incentive & scheme claims-as-a-service (success fee),450,"150,000 customers x Rs 30,000/yr",300,600,Unclaimed/claimable benefit pool x 5% success fee (pool unmeasured),125,"High-value claims in 3 states (Gujarat, Maharashtra, Tamil Nadu)",10.0,25.0,"2,000-5,000 customers x Rs 50,000/yr",Assumed 1.5 lakh claims/yr; avg benefit Rs 6 lakh x 5% fee = Rs 30k (low confidence)
O8,AI bid desk for GeM and public tenders,750,"250,000 customers x Rs 30,000/yr",600,800,0.25-0.35% of Rs 2.36 lakh cr MSME GeM order value (FY26),216,Bidders with prior awards,18.0,28.8,"5,000-8,000 customers x Rs 36,000/yr",11 lakh+ MSEs registered on GeM (S34); assume 2-3 lakh active bidders
O9,Export launchpad for export-capable non-exporters (managed service + buyer data + finance),6000,"300,000 customers x Rs 200,000/yr",1500,3000,Share of EPM Niryat Disha-supported spend + marketplace/fair spend (unmeasured),300,3 product categories x 10 clusters,12.0,24.0,"600-1,200 customers x Rs 200,000/yr",1.73 lakh exporting MSMEs (FY25) + est. 1-2 lakh export-capable non-exporters (low confidence)
O10,WhatsApp-native shop-floor digitisation for job shops (production tracking + clip-on machine sensors),900,"150,000 customers x Rs 60,000/yr",600,1200,Unmeasured; analog pricing (Guidewheel per-sensor SaaS),240,"Pune, Chennai, Rajkot, Coimbatore, Ludhiana, NCR",12.0,24.0,"2,000-4,000 customers x Rs 60,000/yr",Subset of 2.67 lakh ASI factories + unregistered job shops (low confidence)
O11,Supplier-quality and traceability SaaS for auto/engineering tier-2/3,585,"65,000 customers x Rs 90,000/yr",300,900,Unmeasured,180,Auto clusters,7.2,13.5,"800-1,500 customers x Rs 90,000/yr",Est. 50-80k component makers (low confidence)
O12,Labour-code payroll & compliance managed service (10-200 employees),3840,"800,000 customers x Rs 48,000/yr",2000,4000,Payroll SaaS + consultant fee pool (unmeasured),960,Top-50 districts,24.0,38.4,"5,000-8,000 customers x Rs 48,000/yr",Est. 6-10 lakh establishments with 10+ workers (low confidence)
O13,"Embedded MSME insurance distribution (fire, stock, marine, group health)",1125,"5,000,000 customers x Rs 2,250/yr",800,1500,Commission pool (unmeasured),225,Reachable via partners,6.8,13.5,"30,000-60,000 customers x Rs 2,250/yr",Assume 50 lakh insurable formal MSMEs; Rs 15k premium; 15% commission
O14,AI digital storefront (website + Google profile + catalogue) for micro manufacturers,6000,"10,000,000 customers x Rs 6,000/yr",300,800,Existing agency/web-builder spend (unmeasured),1200,GST-registered B2B micro firms,12.0,24.0,"20,000-40,000 customers x Rs 6,000/yr",Theoretical: 1 crore formal-ish MSMEs x Rs 6k/yr
O15,Credit-readiness + lender marketplace (CMA/DPR automation on AA/GST data),1350,"300,000 customers x Rs 45,000/yr",1000,1800,0.75-1.5% DSA commission on MSME loan flow (unmeasured share),405,Via CA partners in top-100 districts,22.5,40.5,"5,000-9,000 customers x Rs 45,000/yr",Assume 10 lakh applications/yr x 30% disbursal; commission ~Rs 45k on Rs 40 lakh avg ticket
O16,Cluster skilled-worker staffing with ITI pipelines,800,"1,000,000 customers x Rs 8,000/yr",500,1000,Unmeasured,160,5 clusters,5.6,12.0,"7,000-15,000 customers x Rs 8,000/yr",Assume 10 lakh skilled hires/yr x Rs 8k placement fee (low confidence)
O17,Micro-merchant bookkeeping/ledger app,1500,"50,000,000 customers x Rs 300/yr",100,300,Observed revenues of incumbents (Khatabook ~Rs 103 cr FY24),,n/a,,,n/a,Theoretical
O18,Cross-border payments for MSME exporters,,n/a (top-down only),1200,2500,0.3-0.6% fee on share of export receipts,,n/a,,,n/a,Rs 12.39 lakh cr MSME exports
O19,Standalone MSME cybersecurity,1500,"5,000,000 customers x Rs 3,000/yr",200,600,Unmeasured,,n/a,,,n/a,Theoretical
