id,arpu_rs_per_year,gross_margin,cac_low_rs,cac_high_rs,annual_churn,ltv_rs,ltv_to_cac_low,ltv_to_cac_high,payback_months_low,payback_months_high,notes
O1,60000,0.75,25000,45000,0.3,150000,3.3,6.0,6.7,12.0,Channel-led via CA firms/associations; success fees lift ARPU in year 1
O2,150000,0.8,40000,80000,0.18,666667,8.3,16.7,4.0,8.0,CA firms are sticky once client data lives in the tool
O3,48000,0.62,20000,35000,0.4,74400,2.1,3.7,8.1,14.1,SMB SaaS churn; must prove conversion uplift monthly
O4,240000,0.3,15000,30000,0.25,288000,9.6,19.2,2.5,5.0,ARPU = 4% take on Rs 60 lakh/yr buyer GMV; GM = contribution after logistics and credit cost
O5,750000,0.45,150000,300000,0.04,8437500,28.1,56.2,5.3,10.7,Per 100 kW site; 10-25 yr contracts; capex not in CAC
O6,192000,0.68,50000,150000,0.12,1088000,7.3,21.8,4.6,13.8,Regulatory recurrence keeps churn low
O7,50000,0.55,10000,25000,0.8,34375,1.4,3.4,4.4,10.9,Mostly one-off claims; repeat only on new investments
O8,36000,0.75,12000,25000,0.35,77143,3.1,6.4,5.3,11.1,
O9,200000,0.45,60000,120000,0.35,257143,2.1,4.3,8.0,16.0,Service-heavy
O10,60000,0.58,40000,80000,0.2,174000,2.2,4.3,13.8,27.6,Hardware sold at near cost
O12,48000,0.52,20000,40000,0.2,124800,3.1,6.2,9.6,19.2,
O15,45000,0.65,10000,20000,0.5,58500,2.9,5.8,4.1,8.2,Per disbursal; repeat via renewals/top-ups
